Protein.Group	Protein.Ids	Protein.Names	Genes	First.Protein.Description	HealthyControl_01	HealthyControl_02	HealthyControl_03	HealthyControl_04	HealthyControl_05	Patient_01	Patient_02	Patient_03	Patient_04	Patient_05
A0A0C4DH31	A0A0C4DH31	HV118_HUMAN	IGHV1-18	NA	32235.3831568442	30652.2764871389	67408.0529302411	89463.8271897994	35463.6451412752	24349.8545141943	22581.6033621535	42216.4996325068	31851.4588865817	41699.2500386372
P35527	P35527	K1C9_HUMAN	KRT9	NA	72004.4886076949	11744.1972776204	39788.4203276239	22210.3414420292	110704.35774608	89624.8975378819	89867.3022708483	90023.5983948685	22910.5415445521	48866.1502858594
P02042;P68871	P02042;P68871	HBB_HUMAN;HBD_HUMAN	HBB;HBD	NA	14173.4014184207	3296.06487079233	17332.7434166953	5676.01373261124	11172.398328457	14455.9766998485	NA	12886.9316077709	7565.47161990136	15678.5473710932
O75636	O75636	FCN3_HUMAN	FCN3	NA	14939.8349741206	6031.73613850325	17970.0073145092	4404.37962633103	23579.5826872706	21169.165433865	12888.4411422871	21210.4318970323	8166.51550348729	19995.5150813475
P05156	P05156	CFAI_HUMAN	CFI	NA	11680.9690362677	5655.77460581049	17420.4512639374	9192.88634597957	13034.6339463227	22146.8775289215	72732.8900497086	25632.9765955515	6862.55107888937	7883.08787505314
P01861	P01861	IGHG4_HUMAN	IGHG4	NA	NA	NA	NA	NA	NA	15019.6417525165	NA	NA	13145.3387978062	NA
P01742	P01742	HV169_HUMAN	IGHV1-69	NA	8104.55722935617	12251.9394402266	15401.7889382385	5127.97988026127	13036.7440052226	16399.7193311214	6196.48448939621	7942.47084804922	18298.9107185751	8917.12403705061
Q9Y6R7	Q9Y6R7	FCGBP_HUMAN	FCGBP	NA	9200.70782083348	8037.12018194899	6620.34467355952	7952.09167875692	11548.7278738812	12704.261633724	12266.9942850143	19101.8134704232	11475.5026106361	17426.4873685554
P01772	P01768;P01772;P0DP02;P0DP03	HV333_HUMAN	IGHV3-33	NA	270.543037671089	702.297059171379	452.060698491454	255.861444939882	468.886838783264	2345.14377539992	5017.34223799288	57.088703797847	1901.07447986901	NA
P22792	P22792	CPN2_HUMAN	CPN2	NA	3021.68082486346	1941.79835801244	2939.75190884858	779.156733890384	1836.35701863095	41093.0268716097	18533.0674613044	27482.7941777319	66754.9231686801	36160.630546461
A0A075B6S6;P06310	P01615;A2NJV5;P01614;P06310;A0A075B6P5;A0A075B6S2;A0A075B6S6;A0A087WW87;A0A0A0MRZ7	KV230_HUMAN;KVD30_HUMAN	IGKV2-30;IGKV2D-30	NA	5162.012877983	5185.58360814482	4337.619677542	2567.85036817655	10244.6817259796	15554.1058497109	2790.17278770924	6287.2558415696	9326.99264928251	4648.07624791011
P36980	P36980	FHR2_HUMAN	CFHR2	NA	47791.9561235584	54740.2092404701	70646.1600360252	34421.2970575966	29407.7606559627	33422.8362364747	25328.4993487023	41951.0569441415	69764.8438732222	62703.9552079476
Q02985;Q92496	Q02985;Q92496	FHR3_HUMAN;FHR4_HUMAN	CFHR3;CFHR4	NA	4423.58624468416	5548.11858134761	NA	4641.65251322687	2829.14858546302	34394.4107685097	46683.2608169399	59968.2182559252	37837.4654888615	55935.3141223855
P00746	P00746	CFAD_HUMAN	CFD	NA	4326.56943308562	2064.99720692515	1510.88313755244	1099.40384101227	1797.82009184599	9211.36315648064	4437.24490868166	7117.99764534518	13505.7810451314	7881.24063709036
P02538;P04259;P19013;P35908	P02538;P04259;P19013;P35908;P48668;Q01546	K22E_HUMAN;K2C4_HUMAN;K2C6A_HUMAN;K2C6B_HUMAN	KRT2;KRT4;KRT6A;KRT6B	NA	73885.2671389632	65608.3728574596	64416.9968320541	45658.7954180829	45160.2343851559	96323.7217397667	103403.111677039	127487.374436338	130833.73124934	93766.622404509
P01599	P01599	KV117_HUMAN	IGKV1-17	NA	4135.75596379712	2149.88293117836	4426.6709997341	NA	2509.82639423788	7306.1719345504	5946.996292907	4778.25884910837	2846.53014692992	8792.12519233212
A0A075B6R9;A0A0C4DH68	A0A075B6R9;A0A0C4DH68	KV224_HUMAN;KVD24_HUMAN	IGKV2-24;IGKV2D-24	NA	7813.40462701574	7394.42180939257	22561.8569455147	NA	4206.32757174954	5812.38225325778	5266.39225444332	9705.64233462617	1996.51970437974	1920.61927780718
Q15582	Q15582	BGH3_HUMAN	TGFBI	NA	15988.9057888091	37830.1843106881	31439.0149121955	66250.7667717308	85718.2162797377	4762.73113244444	2890.36875046179	9668.82038664117	5539.12332872301	2232.40358951002
Q14624	Q14624	ITIH4_HUMAN	ITIH4	NA	375.415067439198	822.410786800593	699.411731594354	613.292102676839	515.714538345903	58249.7228688285	56015.0840941787	93576.4434921429	66453.6500531942	102516.641859066
P19827	P19827	ITIH1_HUMAN	ITIH1	NA	48766.7937597111	29358.6923520088	68240.1141430505	24832.2386938244	61688.1875780553	218997.749996033	77479.8733576372	117927.156316027	43829.3231919512	41180.8914798066
Q9BXR6	Q9BXR6	FHR5_HUMAN	CFHR5	NA	8132.38683987409	2863.22260065228	9524.59188851386	10077.1140889071	1390.09364552855	578.603139723122	16512.1690339744	10922.799197688	7256.03135565817	7192.45473736033
P13647	P13647	K2C5_HUMAN	KRT5	NA	3623.80977437839	2511.83619024485	5103.48751623675	1124.0196440272	958.303621976972	1791.1786228244	4747.11841501549	5070.62761460736	2544.75001137555	3941.64308286935
P01597;P04432	P01597;P04432	KV139_HUMAN;KVD39_HUMAN	IGKV1-39;IGKV1D-39	NA	7320.80651805237	15645.6646963641	7726.15613291547	4027.42755758598	6827.72972648561	18709.0614856735	31093.7030929394	31264.7485211179	21951.4233257085	31734.0325171433
A0A075B6J9	A0A075B6J9	LV218_HUMAN	IGLV2-18	NA	364976.075073093	225787.714647938	321556.727675639	190915.4121782	309874.301531419	360278.141500566	382355.373469591	391942.814919997	259400.388923384	290641.837886527
P04259	P04259;P48668	K2C6B_HUMAN	KRT6B	NA	3980.92043426469	904.14219285208	4509.72694132283	597.910902490914	2008.70453592032	8872.76211609408	6181.64281930715	7642.09794863984	1350.75875874937	2639.07088536203
P68366	P0DPH7;P0DPH8;P68363;P68366;Q6PEY2;Q71U36;Q9BQE3;Q9NY65	TBA4A_HUMAN	TUBA4A	NA	40646.0209136739	50430.7025828458	46537.0780043744	30619.6438451044	40023.5113899536	53261.6982202113	57196.678004349	73846.3715155266	54152.1105635241	53837.0806141689
Q04756	Q04756	HGFA_HUMAN	HGFAC	NA	NA	NA	NA	NA	NA	1143.33793939605	666.929207020223	1520.64810722247	350.146534437001	4192.00894562095
P09172	P09172	DOPO_HUMAN	DBH	NA	88533.6542293415	46632.2637116365	72103.3967758104	36932.9660117283	85521.6799620047	108191.805618703	99673.755029998	82174.7727722108	70771.8739895478	80057.0981242947
P30043	P30043	BLVRB_HUMAN	BLVRB	NA	NA	NA	NA	2932.46016310543	4394.81889174104	NA	NA	NA	NA	NA
P20742	P20742	PZP_HUMAN	PZP	NA	4153.25218680188	1781.72096268266	9806.7684931542	4369.828878216	2377.28594828397	NA	3129.17888887346	4897.82903632373	1022.35058071345	4519.56025632963
Q9HC36	Q9HC36	MRM3_HUMAN	MRM3	NA	11897.6665536098	11288.6648740947	8768.39205331832	8647.04872404248	11755.6057030134	15342.8848624252	18018.385891398	22408.1295892723	56348.683946526	15785.3795574673
P02533;P08779;Q04695	P02533;P08727;P08779;P19012;Q04695	K1C14_HUMAN;K1C16_HUMAN;K1C17_HUMAN	KRT14;KRT16;KRT17	NA	NA	NA	NA	NA	NA	NA	NA	NA	NA	NA
P20851	P20851	C4BPB_HUMAN	C4BPB	NA	45851.9091471002	14880.4188676819	44274.9520931311	15234.656936343	49062.7149220951	18792.5056917131	38242.7067737632	25089.3554048553	14782.1196446508	43237.1207838863
Q5T749	Q5T749	KPRP_HUMAN	KPRP	NA	26381.9046168059	23966.0430894062	16848.0642457649	20755.1866717234	32876.0445043772	39398.4277783267	31148.3491154194	39062.1558718406	24239.8357022852	34404.0672460698
P01857;P01859	P01857;P01859;P0DOX5	IGHG1_HUMAN;IGHG2_HUMAN	IGHG1;IGHG2	NA	NA	NA	1155.67344330445	NA	NA	NA	NA	NA	NA	NA
P17936	P17936	IBP3_HUMAN	IGFBP3	NA	52553.4495499939	39128.7044736885	66750.0125100397	26896.1113734946	52386.0095939808	34335.3336689636	26274.4890521117	46372.8601615675	21448.8418092698	24400.6072110213
P35858	P35858	ALS_HUMAN	IGFALS	NA	22838.0727997564	23046.9881782643	21895.6169202425	15032.0500185549	21947.715993239	NA	561543.709390264	NA	666657.448329635	1011449.53510379
Q9UGM5	Q9UGM5	FETUB_HUMAN	FETUB	NA	335656.739102352	268603.934310708	357739.491273772	197110.144940767	268655.13122854	450471.04025238	431942.266980313	464990.965213191	311128.255657777	392585.112830952
Q8WZ42	Q8WZ42	TITIN_HUMAN	TTN	NA	NA	NA	NA	NA	NA	19601.9240660608	25694.9025304243	26422.5550231516	22066.9173929408	16033.5852988333
Q6UX71	Q6UX71	PXDC2_HUMAN	PLXDC2	NA	209405.143771064	155038.001614623	184067.504497629	166477.33838924	188015.644864559	277398.253936399	291157.065403253	320708.945318587	173451.229979955	217678.290763974
P02787	P02787	TRFE_HUMAN	TF	NA	107393.916723382	79974.1010030463	110246.071458079	70599.3131649211	73099.4101578191	86988.5627740957	93938.7994527727	93490.6868837245	70050.2471593499	NA
A0A075B6I9;P04211	P04211;A0A075B6I9	LV743_HUMAN;LV746_HUMAN	IGLV7-43;IGLV7-46	NA	6034.36216296613	18370.5877885014	NA	8845.43212541372	12399.186475233	4047.86145104498	NA	4158.03382477582	22868.5886661276	20262.7425590709
P05154	P05154	IPSP_HUMAN	SERPINA5	NA	31982.137268234	69028.6167677432	253821.407483697	49195.7351002529	99341.9259763502	63101.923920688	122329.504834983	39117.1065307468	23063.9148822933	32282.4329180151
Q01518	Q01518	CAP1_HUMAN	CAP1	NA	26064.6147516206	31298.7694629014	19242.2637150966	12813.258149381	12928.0308836669	21401.1623036668	19829.3219013736	34305.8028955333	18543.2492420405	18913.8304972284
P04264;P35908	P04264;P35908	K22E_HUMAN;K2C1_HUMAN	KRT1;KRT2	NA	7640.46631365374	9416.90897814587	10504.1807245567	7485.08754764512	6378.00850417912	5498.6701501666	7940.0839712809	13539.4811498493	4533.00929041058	11524.0477614053
P07360	P07360	CO8G_HUMAN	C8G	NA	72926.9168615714	70376.8533173591	79209.6489238314	40285.7852084622	20691.6718901627	15919.4469081789	13787.3204256877	48850.8622863382	32201.783625482	23146.9035310395
P01700	P01700	LV147_HUMAN	IGLV1-47	NA	117952.930343837	135336.067162976	138053.551146954	85866.5090976603	105485.567079362	103393.497789431	162801.391281098	204832.450465564	121745.338335581	145061.808568187
P0C0L4	P0C0L4	CO4A_HUMAN	C4A	NA	3597.46526125789	NA	4584.62673436314	NA	2538.40030437812	NA	202562.563521124	205723.373408511	NA	178852.611350864
P01782;P0DP04	P01782;P0DP04	HV309_HUMAN;HV43D_HUMAN	IGHV3-43D;IGHV3-9	NA	1130.3035657306	1981.95262516707	3331.4205470334	866.468766213059	732.498356768936	2427.8460323298	3342.3519404301	4017.01280412838	2436.42788747728	3004.73472937614
A0A075B6I9	A0A075B6I9	LV746_HUMAN	IGLV7-46	NA	21394.819749175	21661.03175385	18272.6335808881	18186.6878732897	24181.1702262916	703577.502454985	NA	936253.13505033	634987.359959543	NA
P08779	P08779	K1C16_HUMAN	KRT16	NA	NA	NA	NA	NA	NA	786.976293909222	NA	NA	1929.82826432407	1774.91245751306
P02753	P02753	RET4_HUMAN	RBP4	NA	5827.05361189917	9462.05019149616	8796.89433454588	6604.63691987842	1397.38493439913	6364.5987370041	8314.28442960903	12077.3057762042	12523.8849533364	5628.21024796024
P01857;P01859;P01860;P01861	P01857;P01859;P01860;P01861;P0DOX5	IGHG1_HUMAN;IGHG2_HUMAN;IGHG3_HUMAN;IGHG4_HUMAN	IGHG1;IGHG2;IGHG3;IGHG4	NA	16607.8066436157	10756.8075668626	8203.43691108346	6543.67456412151	NA	134620.805562142	96501.5503199413	150992.206233144	88720.2397421733	97794.3146328136
A0A0B4J1X8;P01762;P01766;P01780	P01780;P01762;P01763;P01766;P01782;A0A0B4J1V1;A0A0B4J1X8;A0A0C4DH32;P0DP04	HV307_HUMAN;HV311_HUMAN;HV313_HUMAN;HV343_HUMAN	IGHV3-11;IGHV3-13;IGHV3-43;IGHV3-7	NA	149968.425440867	106652.561113756	167908.278303102	57688.4979517937	56630.9355682001	158134.684813321	118419.905626785	153188.757270314	151832.39681194	233983.269737486
Q86UX7	Q86UX7	URP2_HUMAN	FERMT3	NA	66979.2904045545	43318.7072642937	62348.7776992962	28519.5438078381	24037.7244464502	25921.2815522626	65279.7543419622	77745.8721942179	127488.228234537	128592.186256882
A0A0B4J1U7	A0A0B4J1U7	HV601_HUMAN	IGHV6-1	NA	2328.48112154007	2619.86234271407	5852.70873006254	863.735007851779	2652.1083671166	3035.53409161896	4056.99931667864	6493.51939448282	3894.29631272048	2777.65835150197
P01031	P01031	CO5_HUMAN	C5	NA	49289.1254445277	60495.6709077336	49115.8400172487	38387.0282786228	32679.5614811771	39535.4228973784	29744.9745298028	42102.5912977748	42884.4030341715	38010.6461329453
Q9UHG3	Q9UHG3	PCYOX_HUMAN	PCYOX1	NA	32796.7978648774	38404.410480018	44395.3106305413	14834.6804393113	22156.5467956632	50408.6505000226	42691.5333459794	46603.2644660905	33201.2509709284	43772.5658244267
Q14520	Q14520	HABP2_HUMAN	HABP2	NA	5168.73970772669	9333.01151587412	854.545391329765	4783.09436144978	4585.45292583391	3984.85992098823	24569.7960044846	10288.2383136511	8042.97603165328	18043.6477049537
P37802	P37802	TAGL2_HUMAN	TAGLN2	NA	887501.208460882	941688.546580996	707919.265592355	689984.209826283	973689.46885287	810403.920438878	849979.634499967	1492218.47881837	1098484.38772608	901165.708654799
P02533;P08779;P13645;Q04695	P02533;P08727;P08779;P13645;P19012;Q04695;Q99456	K1C10_HUMAN;K1C14_HUMAN;K1C16_HUMAN;K1C17_HUMAN	KRT10;KRT14;KRT16;KRT17	NA	945423.649725225	1096490.05003674	669558.922547877	851047.101846281	1217730.65739866	1842895.49340481	1943294.79284531	2612164.74555714	2150328.89794908	1853396.61115644
O95445	O95445	APOM_HUMAN	APOM	NA	63210.0553718165	50264.2617017969	NA	23199.2612502225	53037.4977108724	127130.026831724	100792.150013328	170622.51918757	117667.809227124	118168.241471682
P0DJI9	P0DJI8;P0DJI9	SAA2_HUMAN	SAA2	NA	2658.9167778869	NA	NA	NA	NA	2217.03843173116	NA	NA	NA	4345.23338643819
A0A0B4J1V0;A0A0B4J1Y9	A0A0B4J1V0;A0A0B4J1V6;A0A0B4J1Y9	HV315_HUMAN;HV372_HUMAN	IGHV3-15;IGHV3-72	NA	4309.42466274247	4307.99329590559	3836.67805314854	NA	NA	NA	NA	NA	NA	6424.45820431888
P04433	P04433;A0A0A0MRZ8	KV311_HUMAN	IGKV3-11	NA	NA	NA	NA	NA	NA	NA	21.2253742774129	234.453898185474	NA	NA
A0A075B6P5;P01615	P01615;A0A075B6P5	KV228_HUMAN;KVD28_HUMAN	IGKV2-28;IGKV2D-28	NA	129598.06128059	73667.2804792658	83352.0203382075	57000.2459197842	147958.888492804	164575.402381442	68073.4281911284	407534.238052391	332771.879978456	243223.081336111
P04430	P04430	KV116_HUMAN	IGKV1-16	NA	13836.7808807261	16182.7564697176	15354.4231244043	14005.6933185562	16579.3405582204	143330.249066561	147164.908620704	291591.520063963	266308.389898196	258353.824170645
P07996	P07996	TSP1_HUMAN	THBS1	NA	3073.2363302575	37807.7449833512	11627.1208506234	27378.6584374473	14601.3425233409	67507.1960384622	80943.4189974323	162358.5564995	123005.297396615	45280.292130401
P35908	P35908	K22E_HUMAN	KRT2	NA	4529.90698343307	3131.89468269154	3368.57078458682	3304.11844361693	3960.94651681945	4086.88846150577	3639.38320803508	3918.68718042299	3911.36566342682	5547.07059600458
P01717	P01717	LV325_HUMAN	IGLV3-25	NA	NA	2049.51422035366	8136.45840842724	5165.85392010018	12646.0266426995	6451.58657443374	6422.38453954846	7833.12225859821	8589.12100093126	6899.06193277836
Q9H257	Q9H257	CARD9_HUMAN	CARD9	NA	63158.2549847513	82561.0713040963	73217.0593546882	78182.9900989801	72492.7601850659	61986.7875108615	66736.0559157826	65748.35695301	57046.8637808427	71958.9690890461
P00736	P00736	C1R_HUMAN	C1R	NA	1080.25426202983	NA	NA	527.339438393176	986.231997371018	NA	NA	NA	NA	NA
P51884	P51884	LUM_HUMAN	LUM	NA	37843.5235005669	41079.2342299528	160519.375795104	48847.233304514	66277.8987806663	140635.897588491	135232.311143313	91243.8882221594	53584.0251664862	179293.643553399
Q96PD5	Q96PD5	PGRP2_HUMAN	PGLYRP2	NA	36971.6350279503	39361.8594032869	50052.106044893	30387.1940655239	39539.9057250463	17189.8602706954	13961.512227387	24799.2586422421	26639.5199183583	26167.8942732528
P19823	P19823	ITIH2_HUMAN	ITIH2	NA	21428.4360584095	18389.5218116485	19276.4013398752	17895.6008310713	16119.9921629392	17439.5832176149	18440.180278936	21121.0405205786	20069.6656411737	17581.6798881814
P01876;P01877	P01876;P01877;P0DOX2	IGHA1_HUMAN;IGHA2_HUMAN	IGHA1;IGHA2	NA	145627.66914754	166311.666537419	107133.143542819	112567.752442356	113647.435026165	37310.3401666239	55856.7094759256	105234.450116571	74998.25707196	58887.0350778408
A0A0C4DH73;P01597;P01611;P04432	P01597;P01611;P04432;A0A0C4DH72;A0A0C4DH73	KV112_HUMAN;KV139_HUMAN;KVD12_HUMAN;KVD39_HUMAN	IGKV1-12;IGKV1-39;IGKV1D-12;IGKV1D-39	NA	1516.04861490667	2091.37434509486	NA	1916.26360748857	1618.81753180742	5339.80081545085	NA	NA	3360.6428851375	1664.04173404604
P01023	P01023	A2MG_HUMAN	A2M	NA	2673.93012647748	2420.62924247712	506.536678656548	532.728030574679	427.158557433605	47.1297700479031	NA	290.757486138105	1528.58894395578	359.996794928819
Q5SQ80;Q5VUR7	Q5SQ80;Q5VUR7	A20A2_HUMAN;A20A3_HUMAN	ANKRD20A2P;ANKRD20A3P	NA	554600.988940377	505974.123519566	432162.487494461	436921.536132932	477708.321008779	566142.522215836	650415.189902794	658131.71138861	621974.699251577	703441.198877838
P00747;P08519	P00747;P08519	APOA_HUMAN;PLMN_HUMAN	LPA;PLG	NA	9221.79052296355	12832.091439002	5605.59064379811	9656.83145838678	9424.56031141862	13187.0479899921	4937.59612862974	10649.3144029044	13317.7995952621	8235.79133838877
P0DOX7	P0DOX7	IGK_HUMAN	NA	NA	179614.61460492	139470.323496494	186103.02761912	139957.619117878	190441.418786537	288491.315201942	434866.59689692	330587.224144276	403979.607012384	316986.452527743
P02747	P02747	C1QC_HUMAN	C1QC	NA	21346.5195422627	23328.6204279087	26185.828468103	23559.0563800335	13362.7475881472	35606.3423673391	40682.8571921453	33624.8108242229	33987.6464936569	30639.5168689407
A0A0C4DH38	A0A0C4DH38	HV551_HUMAN	IGHV5-51	NA	21748.6722225346	21327.237161164	27046.6338987477	26638.8002500586	13351.0660807766	NA	NA	NA	NA	834.226646953791
P15144	P15144	AMPN_HUMAN	ANPEP	NA	1087222.18055874	2031878.91862979	234933.729375772	2066378.8219378	1238320.61236037	2685695.7348375	1174719.31327242	2371973.36792635	3959775.88856939	2033566.03858111
P04180	P04180	LCAT_HUMAN	LCAT	NA	618096.653481632	882972.996229675	231805.378223136	996173.603582218	805692.106383253	1002679.29906929	838746.725811273	1273614.62993639	1640601.01799756	1215111.31867288
P07477;Q9BYE2	P07477;Q9BYE2	TMPSD_HUMAN;TRY1_HUMAN	PRSS1;TMPRSS13	NA	37986.9339260466	90498.1008323245	57061.7826081961	86745.0506202534	79415.8246479116	41049.1345887683	37225.6515221104	88157.7759519182	35305.8406410992	53974.4775634773
A0M8Q6;B9A064;P0CF74;P0DOY3	A0M8Q6;P0CG04;P0DOY2;P0DOY3;P0CF74;B9A064;P0DOX8	IGLC3_HUMAN;IGLC6_HUMAN;IGLC7_HUMAN;IGLL5_HUMAN	IGLC3;IGLC6;IGLC7;IGLL5	NA	19938.6830324762	20230.5078428648	31874.9347977683	19943.9300871968	25461.3497230299	18138.1661403179	19968.5107369751	13957.8271123566	16707.572113131	16124.5084268346
P13796	P13796	PLSL_HUMAN	LCP1	NA	22756.9734876953	25370.0883107565	16974.9690259725	18382.0016567022	19899.1619595565	11021.2047189847	13723.6223077632	12601.1990369774	12962.5698419467	12989.8562030286
P01593;P01594	P01593;P01594	KV133_HUMAN;KVD33_HUMAN	IGKV1-33;IGKV1D-33	NA	8049.98131234974	10294.7486201748	6577.7227382423	8336.01470178649	11244.2545506954	11112.6617680788	7985.85713078022	9685.22846326828	10004.9697855294	8058.44111192986
P01767;P01772	P01764;P01768;P01772;P01767;A0A0C4DH42;P0DP02;P0DP03	HV333_HUMAN;HV353_HUMAN	IGHV3-33;IGHV3-53	NA	356857.498499561	340506.01978578	344004.664736237	380314.998495437	497615.757603876	294221.579419918	300931.064701747	367354.307356179	339384.926530242	354835.112459563
P01602	P01602;P0DOX7	KV105_HUMAN	IGKV1-5	NA	169.156289996445	NA	NA	398.18606335941	NA	11998.7139853783	12021.688171228	15219.8750365749	16112.6789415777	13270.481554544
O43790;P78385;P78386;Q14533	O43790;P78385;P78386;Q14533;A6NCN2	KRT81_HUMAN;KRT83_HUMAN;KRT85_HUMAN;KRT86_HUMAN	KRT81;KRT83;KRT85;KRT86	NA	37009.0170259297	22923.1499978431	46471.7245402418	38456.4431321666	39813.9988952272	49674.0314396255	75419.1867672965	56235.2752193704	69398.6793453753	71576.4594738088
P33151	P33151	CADH5_HUMAN	CDH5	NA	208973.4501478	295175.110578015	295177.417515237	410892.850898031	232530.010248907	316148.277305614	327232.226187199	295935.233656347	314061.428837314	269174.015935257
A0A075B6H7	P01624;A0A075B6H7;A0A0C4DH55	KV37_HUMAN	IGKV3-7	NA	10879.5580326967	3148.88070638567	21233.7690899953	29672.3654775679	39293.202789522	8958.99381042108	28014.8285622291	18189.3245978363	6869.93601664513	14321.9992552519
P01859	P01859	IGHG2_HUMAN	IGHG2	NA	471.920188956767	534.444022855282	2356.57006799296	2850.7479771398	3673.64001205355	1127.9384261488	2574.69287313387	1344.3277019152	675.378603686988	605.315945080191
P04075	P04075	ALDOA_HUMAN	ALDOA	NA	170563.213078566	241906.179956064	187892.107009124	188971.339633469	260480.873725664	137437.367705468	182587.630550154	188058.751918435	211373.444990009	188187.400897887
Q16610	Q16610	ECM1_HUMAN	ECM1	NA	1991957.08405055	2089036.48144908	1932207.06492459	1925064.01841223	2313848.67738914	1830081.55252162	1675609.72239157	1719232.04378864	2225018.39302748	1998105.93335953
A0A0B4J1Y8	A0A0B4J1Y8	LV949_HUMAN	IGLV9-49	NA	552462.82189583	642084.0257257	597755.292704467	635872.935044657	611689.535238463	542644.245866477	465990.324294966	544714.946524765	543778.370189346	465024.493235353
P23528	P23528;Q9Y281	COF1_HUMAN	CFL1	NA	70952.4225801468	95946.2406701639	69443.420493079	49671.0035983361	76833.607339032	78478.4264158435	92644.19888964	93432.9256259449	74966.983576484	100730.274188682
P55056	P55056	APOC4_HUMAN	APOC4	NA	3268775.64771323	1624766.92248354	1260468.38702986	1457450.36794223	1979485.81690174	1687689.07243006	1741175.47509335	2123021.56662714	1829805.70539635	2171834.11960499
P08519	P08519	APOA_HUMAN	LPA	NA	749663.31762816	337219.13942907	326832.762904052	364764.290438514	452541.052598048	313298.972552035	329792.624511648	427271.88359499	362657.127291538	412749.343082312
P63267	P62736;P63267;P68032;P68133	ACTH_HUMAN	ACTG2	NA	714289.48742884	1304866.78360363	1087638.06609247	1065313.90894094	1112455.88693131	1280956.98665146	1038905.89700159	1073675.89346698	1201648.2925256	1163560.13205757
A0A087WSX0;A0A0G2JS06	A0A087WSX0;A0A0G2JS06	LV539_HUMAN;LV545_HUMAN	IGLV5-39;IGLV5-45	NA	68327.1789526977	100953.887775354	98851.9241831735	94927.4725090355	89034.9025563568	72839.3096199587	67741.7958357014	75048.9175149418	97149.1802694783	80236.067479369
P02766	P02766	TTHY_HUMAN	TTR	NA	5058.92437522441	5492.03227386549	9908.68432902858	6950.95431131363	8763.3576087521	11319.4191427097	NA	NA	15155.8876917049	9597.02674103916
A0A0B4J1U3	A0A0B4J1U3	LV136_HUMAN	IGLV1-36	NA	329777.540093765	402193.017542101	457240.994768783	320070.349386748	366462.137277827	628610.561052341	606215.351199921	714697.083801907	685637.246355668	623508.683374655
P06702	P06702	S10A9_HUMAN	S100A9	NA	NA	NA	NA	NA	NA	7013.27358461693	6736.85332389295	7936.92123466015	6096.77818733931	7578.67201054454
A0A075B6K5	A0A075B6K5	LV39_HUMAN	IGLV3-9	NA	299666.098065916	104331.007427	273045.307169534	155899.277812704	156248.013893705	309173.038120825	151062.881823856	147513.396094918	140687.974932991	214782.524747916
P01601	P01601	KVD16_HUMAN	IGKV1D-16	NA	11014.5581809431	28329.0852610871	20559.0840318091	13715.0117727138	17984.0026794165	15517.045567482	28664.6682776928	47312.9438974403	28569.4257650107	38053.5677452788
Q03591	Q03591	FHR1_HUMAN	CFHR1	NA	8367.84681418017	5040.36852939934	14806.3719085485	3523.00285152301	6959.31400573447	10849.4908889823	13620.5168047227	17290.9364784829	17153.6742269754	14702.3693403706
P35443;P49747	P35443;P49747	COMP_HUMAN;TSP4_HUMAN	COMP;THBS4	NA	27448.3877843991	16059.4571526669	37856.2570205025	9744.48023102313	17590.7416502669	14256.5513588578	27483.5258477546	16993.3776099689	14455.5808245406	13855.0508509062
P35443	P35443	TSP4_HUMAN	THBS4	NA	992.990099936128	993.388356547803	607.02685858196	1568.6628860724	1895.21708431095	1638.88553085923	3542.39998762473	1760.49305416673	NA	1466.4798008889
P07357	P07357	CO8A_HUMAN	C8A	NA	205001.77103585	67679.0926475517	65719.5590368479	90521.9460090779	72340.460881748	115719.933157641	159501.353002883	104229.057353944	190720.873767048	114648.614586949
P14618	P14618	KPYM_HUMAN	PKM	NA	198500.87623724	90944.5297523364	140054.607425928	63439.2654963195	118500.429767452	130011.875435378	108610.055909138	136955.098597027	103018.310394071	118411.722796176
P05106	P05106	ITB3_HUMAN	ITGB3	NA	87808.0440853782	101889.648276486	140011.446538765	74544.9002022363	80482.1756341294	158779.223206818	113899.445231684	165410.940020353	157145.781795204	241274.017384037
P41222	P41222	PTGDS_HUMAN	PTGDS	NA	21183.5130669035	60653.8172020301	14456.2984605521	51852.3702767938	28534.6753534287	7302.77030897304	17976.8062508844	36954.1697343722	50025.8273316279	32065.9315107279
P04264	P04264	K2C1_HUMAN	KRT1	NA	NA	NA	NA	NA	NA	2706.46141829431	1433.52557684138	2938.4177425684	2757.70560665965	2290.03818503663
P00918	P00918	CAH2_HUMAN	CA2	NA	7136.27915582582	11902.6322050989	9444.41734347135	11218.2132408835	16327.8577316567	32361.1715240918	38477.1695710711	68942.1034627207	50088.2413401842	59918.0762550101
A0A075B6K0	A0A075B6K0	LV316_HUMAN	IGLV3-16	NA	6641.43864594296	4002.38888849184	4645.49586404383	5872.18191203296	8226.5848611474	6239.79933023185	10338.9690365106	9903.55503509849	7445.05121415317	11103.1503738299
P08571	P08571	CD14_HUMAN	CD14	NA	1583.90585382715	4238.98261552259	1693.77623919889	570.502149884522	1324.49472521618	3501.11892051309	5793.94021276087	8366.41807706848	1607.99655014038	7020.55764201149
P0DTE1	P0DTE1	HV383_HUMAN	IGHV3-38-3	NA	NA	6809.41230844185	NA	NA	657.938362102956	2800.66349688306	1586.97997948125	1677.98960082337	559.442020751536	909.309500287801
A0A0B4J1V0	A0A0B4J1V0	HV315_HUMAN	IGHV3-15	NA	319.625451379478	178.137192975491	692.933985609889	NA	NA	861.121987406522	1869.24875852466	1945.1650228326	2142.22831530821	814.965741116762
P02763	P02763	A1AG1_HUMAN	ORM1	NA	27880.0639339298	22304.683380264	28599.7923531674	31108.2371060617	44138.4623300455	37687.5675919794	16593.0211432599	24230.4551290259	29560.1719880432	51890.8956133731
P08603;P36980;Q03591	P08603;P36980;Q03591	CFAH_HUMAN;FHR1_HUMAN;FHR2_HUMAN	CFH;CFHR1;CFHR2	NA	NA	NA	NA	NA	NA	NA	NA	437.427723638982	NA	174.108794332504
P0DOX5	P0DOX5	IGG1_HUMAN	NA	NA	10357.7187334299	6561.75953751788	5496.48530931115	5047.77340439975	3581.65996960923	236254.147598859	289198.288402811	317355.579737503	244903.948614694	290516.659806814
Q9NPH3	Q9NPH3	IL1AP_HUMAN	IL1RAP	NA	244.404168404609	NA	NA	NA	NA	NA	NA	NA	NA	NA
A0A0B4J1X8;P01766;P01780	P01780;P01762;P01763;P01766;P01782;A0A0B4J1V1;A0A0B4J1X8;A0A0C4DH32;P0DP04	HV307_HUMAN;HV313_HUMAN;HV343_HUMAN	IGHV3-13;IGHV3-43;IGHV3-7	NA	2797.60822029591	10392.8767964825	NA	10180.913420935	12578.7703790598	8572.61767671719	11517.384784133	7801.30199614748	NA	9607.1601021412
P02774	P02774	VTDB_HUMAN	GC	NA	NA	460.63701965028	NA	NA	NA	NA	2537.35319621727	NA	NA	839.520371069342
B9A064	B9A064;P0DOX8	IGLL5_HUMAN	IGLL5	NA	13273.2604554065	49517.5074798249	29831.9422431804	13589.2986653246	23064.6411481664	28846.5831374846	38648.9368762277	39814.2421669416	41984.4240542084	40757.9605857
P02042	P02042	HBD_HUMAN	HBD	NA	159736.848986112	106258.835141174	148857.046459358	102290.068473808	106563.418983888	120434.455137126	212236.865189768	226444.976252634	120450.202785164	134799.506759234
P01011	P01011	AACT_HUMAN	SERPINA3	NA	1888.72665392697	807.07228010872	1327.23180003613	278.26751142031	1648.31751643315	49429.3619751468	33336.5319260679	72716.949849847	55703.5280294552	32906.8903836034
P22531;P22532;P35325;P35326;Q9BYE4	P35326;P22531;P22532;P35325;Q9BYE4	SPR2A_HUMAN;SPR2B_HUMAN;SPR2D_HUMAN;SPR2E_HUMAN;SPR2G_HUMAN	SPRR2A;SPRR2B;SPRR2D;SPRR2E;SPRR2G	NA	1654.64477508947	19275.5930719875	1834.28279342517	2322.11004478678	4486.07088530943	10364.4449570715	6001.47857964396	4239.78843209639	9723.78284306705	9577.27677780867
P01591	P01591	IGJ_HUMAN	JCHAIN	NA	3253.00269935608	2570.60299437568	NA	337.491419179767	NA	4965.10655785516	1463.82223029971	2618.49862650439	5426.53561189443	4154.73941305846
P36955	P36955	PEDF_HUMAN	SERPINF1	NA	261631.589557711	317112.51211755	289776.036553971	228922.518035728	238243.170031443	4831662.65378544	7227902.21725607	8365525.08282522	5203314.39418562	4576613.65278086
P02538;P04259;P13647	P02538;P04259;P13647;P48668	K2C5_HUMAN;K2C6A_HUMAN;K2C6B_HUMAN	KRT5;KRT6A;KRT6B	NA	NA	NA	NA	NA	NA	NA	922.158274943471	NA	2610.91165690821	NA
P01764;P01768;P0DP03	P01764;P01768;P0DP03	HV323_HUMAN;HV330_HUMAN;HVC05_HUMAN	IGHV3-23;IGHV3-30;IGHV3-30-5	NA	561187.910976533	689533.775757194	502376.853121456	608080.354806513	546096.090779923	3702506.92659585	4066678.60450743	6965812.11734099	5760043.02302144	5159327.73864577
P02775	P02775	CXCL7_HUMAN	PPBP	NA	9060.32373015761	14255.2013451904	10354.2303635433	28470.079721988	13485.0592289835	286073.199005466	461126.867423616	320027.664665647	240708.089125678	187129.575677942
Q9Y490	Q9Y490	TLN1_HUMAN	TLN1	NA	562214.516462777	422967.755934887	513761.524321351	165823.230344266	370694.836569801	1982015.34420656	1861914.9874896	1980850.36882611	2306639.68040079	1952390.37728842
P21333	P21333	FLNA_HUMAN	FLNA	NA	236555.114803884	222242.132156529	239433.662451103	184175.130458251	205075.546132587	708606.859058835	746771.798622884	1250875.92004986	1037820.72301287	970311.078482635
P02751	P02751	FINC_HUMAN	FN1	NA	54006.8003189728	118477.949076202	154258.562483598	131937.002605889	60021.525478331	888995.236063883	754996.286467623	1211097.1030644	794224.26645904	845702.012207009
P49908	P49908	SEPP1_HUMAN	SELENOP	NA	104688.483974766	240335.500395261	70703.1883898847	121312.755717557	203799.667495195	301635.588351533	337916.541384734	450627.047354437	231462.458502091	363295.955305878
A0A0B4J1X5;P01762;P01767;P01772;P01780	P01772;P01780;P01762;P01763;P01767;A0A0B4J1V1;A0A0B4J1X5;A0A0C4DH42;A0A0J9YVY3;P0DOX2;P0DP02	HV307_HUMAN;HV311_HUMAN;HV333_HUMAN;HV353_HUMAN;HV374_HUMAN	IGHV3-11;IGHV3-33;IGHV3-53;IGHV3-7;IGHV3-74	NA	87816.0274873458	136300.643262863	66808.8367447317	38568.5426229902	135565.234189682	648066.580770966	734656.004533902	615756.462623656	485421.365755156	353199.066975944
P80108	P80108	PHLD_HUMAN	GPLD1	NA	57495.9980021313	37392.2685067028	25723.3638537444	10008.2053031236	93511.4654489458	452740.093038164	353248.492834479	321976.996108886	185719.940092079	122113.620607562
P09871;P48740	P09871;P48740	C1S_HUMAN;MASP1_HUMAN	C1S;MASP1	NA	27000.3347268038	31500.1867928296	61650.6468409285	22933.9848238841	48497.5372959614	729582.176095098	531619.551588275	1371372.27252256	1532846.53437849	725295.896992955
P60709;P63261;P68133	A5A3E0;P60709;P63261;P68032;P68133;Q6S8J3;Q9BYX7;P0CG38;P0CG39	ACTB_HUMAN;ACTG_HUMAN;ACTS_HUMAN	ACTA1;ACTB;ACTG1	NA	31762.7943393655	43465.426180771	37865.0739864074	36302.3759604588	48905.934405335	740928.780614108	787851.596402865	841028.690733045	718547.274931155	603674.441801
O95810	O95810	CAVN2_HUMAN	CAVIN2	NA	154689.688837219	41897.1607587919	100056.621190589	30786.8651771002	112278.620159749	1308229.13264226	1060993.55775483	674403.962684393	1399647.50590511	808972.821365509
P0DTE7;P0DTE8;P0DUB6	P04746;P0DTE7;P0DTE8;P0DUB6;P19961	AMY1A_HUMAN;AMY1B_HUMAN;AMY1C_HUMAN	AMY1A;AMY1B;AMY1C	NA	88.6080836692154	26750.359685342	16298.385285189	26993.1227200955	36156.7459924042	70947.4778749384	251688.509909678	251493.787575316	231260.324329987	211460.881551098
P02533;P08779;P13645	P02533;P08779;P13645;Q7Z3Y7;Q7Z3Y8;Q7Z3Y9;Q7Z3Z0	K1C10_HUMAN;K1C14_HUMAN;K1C16_HUMAN	KRT10;KRT14;KRT16	NA	1794070.11807529	381640.220886935	1138924.18015558	806703.837128211	935856.356063236	680260.451230928	768745.182556968	477760.289246842	271118.668133974	809681.934092078
P01009	P01009	A1AT_HUMAN	SERPINA1	NA	90903.3633586407	190981.392591991	465408.428920232	180130.521406732	115570.473122448	1354506.26425458	1604692.42769448	1651588.89961384	1920344.67090067	1614651.5047637
P05160	P05160	F13B_HUMAN	F13B	NA	324661.808746181	1015153.45307412	1394225.09889172	1114018.91138222	712572.922354501	1167390.03351569	1270104.86307409	1214327.63914201	1593026.40704874	1372125.62898409
P05155	P05155	IC1_HUMAN	SERPING1	NA	5313.53225589603	21069.2245417066	16676.4581648976	16400.4770622693	20312.7839362755	337113.554281041	223359.566335052	269900.655440196	215132.406343453	320941.875393171
P02748	P02748	CO9_HUMAN	C9	NA	20067.9420757413	60442.1809020527	31492.7352873653	25753.4202667199	30226.2472375043	50409.6771765225	10851.9026169233	23601.0840285823	34061.1975442618	47359.9537312545
P04350;P07437;P68371;Q13509;Q13885;Q9BUF5;Q9BVA1	P04350;P07437;P68371;Q13509;Q13885;Q9BUF5;Q9BVA1	TBB2A_HUMAN;TBB2B_HUMAN;TBB3_HUMAN;TBB4A_HUMAN;TBB4B_HUMAN;TBB5_HUMAN;TBB6_HUMAN	TUBB;TUBB2A;TUBB2B;TUBB3;TUBB4A;TUBB4B;TUBB6	NA	5845.42582456291	2156.60527511373	11855.6797234625	8411.1503799133	9645.47364184782	4901.6494758819	23498.9979409069	8886.56163599774	12754.8753937826	8288.1940543437
P01768;P0DP03	P01768;P0DP02;P0DP03	HV330_HUMAN;HVC05_HUMAN	IGHV3-30;IGHV3-30-5	NA	653485.742622796	209757.3504279	891649.01822187	1035000.21757824	1167095.09280713	441111.885317326	1791161.38592729	904455.469484255	1000278.84297635	668535.569048885
A0A0A0MT89	A0A0A0MT89	KJ01_HUMAN	IGKJ1	NA	NA	NA	NA	NA	NA	5276.96546774238	629.331666808993	NA	2698.68778940713	360.099878008544
P06681	P06681	CO2_HUMAN	C2	NA	1131.88516649038	1208.45369589597	NA	NA	357.232308139533	14073.2962676257	NA	NA	23.3746012240649	NA
A0A0B4J1Y9	A0A0B4J1Y9	HV372_HUMAN	IGHV3-72	NA	1660.34943709478	390.082033811778	1247.83042296857	1386.75026223883	NA	13027.6251746856	1841.83266803011	NA	2788.27038041621	1331.88888064802
P02746	P02746	C1QB_HUMAN	C1QB	NA	2018.53652861655	1554.72637044549	1434.02064195946	1560.1637503773	1070.55479935154	5136.30688178018	832.394788312048	1011.32602107447	3829.05952526867	1195.96642529264
P16070	P16070	CD44_HUMAN	CD44	NA	2416.66770561293	NA	NA	NA	NA	30831.5430190727	NA	5985.92197834432	4951.73485380739	NA
P00734	P00734	THRB_HUMAN	F2	NA	289.79742040801	NA	NA	NA	NA	6028.41000141352	259.453750691801	NA	2585.34553937405	NA
P02760	P02760	AMBP_HUMAN	AMBP	NA	NA	552.16902547428	NA	NA	1309.79430376515	9831.28398032665	NA	NA	NA	NA
A0A087WW87;P01614	P01614;A0A087WW87	KV240_HUMAN;KVD40_HUMAN	IGKV2-40;IGKV2D-40	NA	396.091709970653	NA	NA	NA	NA	29657.2930351667	NA	NA	NA	NA
A0A0A0MT36	A0A0A0MT36;A0A0C4DH26	KVD21_HUMAN	IGKV6D-21	NA	NA	NA	NA	NA	NA	3827.45459404871	NA	NA	NA	NA
P23083	P23083	HV102_HUMAN	IGHV1-2	NA	NA	NA	NA	NA	NA	4476.50183603808	NA	NA	NA	754.84466004324
Q9H4B7	Q9H4B7	TBB1_HUMAN	TUBB1	NA	NA	1359.04211868554	1237.92231516257	3586.15809889436	NA	25837.0193496235	NA	NA	NA	NA
Q6UXB8	Q6UXB8	PI16_HUMAN	PI16	NA	7929.50977784559	NA	NA	2056.39404118523	NA	23184.1548456036	4264.39768940479	888.732277519077	2516.66994832396	2857.84651198804
O75882	O75882	ATRN_HUMAN	ATRN	NA	2115.76357455775	2155.28795439497	NA	1335.70765451461	NA	50277.6000719436	NA	NA	2004.46187754661	2573.3394322291
P04196	P04196	HRG_HUMAN	HRG	NA	3815025.54813072	4107457.2785743	2771293.07167433	4519867.85987191	6065791.2621678	2939235.43465303	2509135.71641309	3993060.02039444	2145356.42127428	2496293.39152215
P03952	P03952	KLKB1_HUMAN	KLKB1	NA	265775.806690909	262754.673540153	252971.624584064	233731.786206845	340606.573226038	246354.548096981	312615.703682832	285691.414679844	161418.489328593	225846.865650486
P01860	P01860	IGHG3_HUMAN	IGHG3	NA	1433432.9347156	1283950.50541807	1237180.64882461	987313.373258784	1249684.73603116	777046.784964457	956535.228730869	1210352.1001531	946665.277506299	1067379.68450643
A0M8Q6;P0DOY3	A0M8Q6;P0DOY2;P0DOY3;P0CF74	IGLC3_HUMAN;IGLC7_HUMAN	IGLC3;IGLC7	NA	146730.166916903	232609.778552543	165367.01598439	164541.914108023	267583.123207916	106256.911763422	195504.235128213	146613.805578023	124191.043227412	159067.079838239
A0A075B6K4;P01717	P01717;A0A075B6K4	LV310_HUMAN;LV325_HUMAN	IGLV3-10;IGLV3-25	NA	76134.577513387	97805.251188688	46084.2400134556	59475.9009826913	78040.4579172328	69706.7021409243	93183.827449473	97507.6047558926	43765.1570130512	63026.0100388952
P05090	P05090	APOD_HUMAN	APOD	NA	653429.549112983	687062.960468829	496119.832801078	538357.587676469	699591.161110379	576183.844348513	568824.456287798	791576.455305513	408685.917996421	525541.400231604
P31151	P31151;Q86SG5	S10A7_HUMAN	S100A7	NA	1319546.88861962	1945236.91217514	1639701.55924622	2109505.87058078	1882300.59859812	1715653.04084776	926413.994188849	1685243.99204297	1529962.79141869	1652877.39510309
P0DOY3	P0DOY3	IGLC3_HUMAN	IGLC3	NA	985725.006601769	1423269.35795924	1123263.06314051	1287625.83749192	1153045.11332499	1893654.50828528	1020767.54459763	1919443.56471794	1785465.79376724	1815937.18146989
A2RU49	A2RU49	HYKK_HUMAN	HYKK	NA	737597.938452814	944497.051601082	837943.851582855	831353.985000372	773153.510240838	1454669.43703957	730524.422451768	1511567.50005849	1262124.64832887	1443293.7917171
Q9NQ79	Q9NQ79	CRAC1_HUMAN	CRTAC1	NA	1014.09813854751	16019.6792977385	24880.1166371003	24759.7530375779	23028.7039465405	9671.08131805181	11390.0102760784	20261.6776563101	15764.8960641801	11499.1923461601
A0M8Q6;P0CF74;P0DOY3	A0M8Q6;P0DOY2;P0DOY3;P0CF74	IGLC3_HUMAN;IGLC6_HUMAN;IGLC7_HUMAN	IGLC3;IGLC6;IGLC7	NA	3139.53301530033	5424.43794824645	9910.55370858982	18067.3245069072	2459.46285473466	13874.3622583576	6022.9955238679	46052.4916281618	3286.90804846019	2197.96122785553
P01706;P01709	P01706;P01709;P0DOX8	LV208_HUMAN;LV211_HUMAN	IGLV2-11;IGLV2-8	NA	12036.5362723663	20137.7637412541	18117.6659545213	10726.8140192993	10826.4618755385	9305.98291681349	9953.96330905557	6703.5848945491	16971.2471482962	9876.49403365746
P27918	P27918	PROP_HUMAN	CFP	NA	155403.916382477	150349.62497348	141101.011711564	149200.775630292	169268.747056045	98206.1875031032	92803.0431409754	105929.429331407	101459.252962723	106303.663200274
P06396	P06396	GELS_HUMAN	GSN	NA	55418.387436147	42508.6052671567	63326.2628654495	38908.1633842476	34825.221090588	43812.7621960588	49680.1150814347	57693.4283185147	58770.890385437	43357.0187367409
P02538;P04259	P02538;P04259;P12035;P48668	K2C6A_HUMAN;K2C6B_HUMAN	KRT6A;KRT6B	NA	230508.550287392	152752.954187255	194811.865107197	146641.99800434	164983.812675864	161959.632409938	171574.719187688	168860.269613888	188982.215163223	144313.741041318
A0A0A0MS15	A0A0A0MS15;A0A0B4J1V6	HV349_HUMAN	IGHV3-49	NA	192232.048500083	193525.304116908	184749.719249398	265591.064731341	263280.579577643	184793.387545489	170068.798975803	157694.242062777	198763.058631957	169138.275274932
A0A075B6I0	A0A075B6I0	LV861_HUMAN	IGLV8-61	NA	215972.003718976	255850.654068008	272974.468896527	169289.173744034	128767.296014842	1134802.49600753	1152918.98213334	751794.475064956	701717.134988934	596349.655892123
P02533;Q04695	P02533;Q04695	K1C14_HUMAN;K1C17_HUMAN	KRT14;KRT17	NA	119844.477554329	130268.256409578	148095.708708618	159202.781516019	173835.845527623	141244.969462212	84024.950112801	124129.159948073	100217.506786749	124838.790704623
Q96IY4	Q96IY4	CBPB2_HUMAN	CPB2	NA	142326.931713518	188970.115900781	125986.178017378	112205.64647036	115554.977631148	241315.415356655	262068.480688579	404097.718785979	409501.401739091	321049.369379949
P14151	P14151	LYAM1_HUMAN	SELL	NA	13076.564978493	13037.3112810038	26614.1299613714	20889.7612766504	14007.475953307	95515.6582805961	125596.860181183	135310.65481957	133082.097994223	98178.7144389428
P19652	P19652	A1AG2_HUMAN	ORM2	NA	21434.5169116378	31487.3315039381	31171.0550307013	41516.5313554287	25993.1500796884	658703.299916312	745861.498647243	589624.229884997	738383.315291785	804786.912733786
Q06033	Q06033	ITIH3_HUMAN	ITIH3	NA	206678.52786345	204946.751289763	231944.162369564	196518.196619928	135054.402652543	897391.032048427	1039217.94993766	735624.005570665	1282559.54893682	1022202.30389772
P06276	P06276	CHLE_HUMAN	BCHE	NA	147222.634011079	189030.910307333	294785.828122016	172423.478755206	142493.370147299	929514.032758322	1017041.29299687	810734.959379703	1257067.12527644	917314.666683096
A0A075B6K4;P01715	P01715;A0A075B6K4	LV301_HUMAN;LV310_HUMAN	IGLV3-1;IGLV3-10	NA	462627.323279329	399491.938137282	298460.321590554	317121.482429404	329757.63693808	350344.145500951	309763.851144634	314959.469773803	295323.407942325	360015.62150589
P11597	P11597	CETP_HUMAN	CETP	NA	204806.411491904	395535.624242663	318436.196537536	325126.156346254	417955.316824041	76646.8045024447	107895.240079071	90129.9053013414	95845.0885302991	100948.417481143
Q16777;Q6FI13	Q16777;Q6FI13	H2A2A_HUMAN;H2A2C_HUMAN	H2AC18;H2AC20	NA	5145270.73653504	5179786.36932984	5060790.54724161	5513184.0544641	5034160.82341494	7194615.43661973	7968116.62945932	9491594.71469067	10003172.1549058	9322649.14357362
A0A0C4DH33	A0A0C4DH33	HV124_HUMAN	IGHV1-24	NA	219933.024377245	205398.411429696	292674.46494266	152269.838137794	216693.419399071	305972.974772092	283578.662515819	345588.749501087	387888.676244639	359628.76198601
Q92496	Q92496	FHR4_HUMAN	CFHR4	NA	56948.1439722158	50677.8740271457	23551.1601998158	53843.3047162935	35965.1454811648	3981.05040941179	33782.8731319621	16856.0845133044	4761.08096668661	6852.11473192945
P13224	P13224	GP1BB_HUMAN	GP1BB	NA	15196.5258376285	13223.6986755356	12967.6029728279	14200.6035918385	10849.8107841954	1429.64234355345	24325.8213886403	7644.66450224012	6667.86370602071	2522.22093798727
Q99459	Q99459	CDC5L_HUMAN	CDC5L	NA	6184.50771194652	4433.08836221874	7336.90729023874	4989.04979387611	5906.93125334993	5016.77347937658	4066.85165169686	4353.62346865788	4831.2942268756	4859.76738732085
A0A0C4DH25;P01619	P01619;A0A0C4DH25	KV320_HUMAN;KVD20_HUMAN	IGKV3-20;IGKV3D-20	NA	1702851.70585148	1248760.95133994	1443516.02237817	1212145.05178047	919760.230567638	1747796.72481121	2228919.41619238	2725743.22088704	2360216.08077344	2281280.79281705
A0A0C4DH67	A0A0C4DH67	KV108_HUMAN	IGKV1-8	NA	964834.859457087	1141523.84767536	883343.407055531	912850.435994774	1148511.168424	859628.722977992	1032728.95773381	943430.370265242	945095.401575826	1140870.78134798
P02790	P02790	HEMO_HUMAN	HPX	NA	9264.91590939447	13674.8007057212	12941.7346870437	9997.77639881	9184.95620729983	6878.30213986695	6299.15228554055	7342.20844480976	7864.63893614233	6499.74687035188
P01859;P01861	P01859;P01861	IGHG2_HUMAN;IGHG4_HUMAN	IGHG2;IGHG4	NA	NA	445.894496627629	NA	NA	NA	482.966358579785	928.311724345833	657.999476266891	727.321925349653	1215.34757475421
A0A075B6K2;A0A075B6K5;P80748	P80748;A0A075B6K2;A0A075B6K5	LV312_HUMAN;LV321_HUMAN;LV39_HUMAN	IGLV3-12;IGLV3-21;IGLV3-9	NA	58082.6563041955	64327.2506574556	59103.4506300285	43679.5355711021	43864.2542747505	40995.1859105691	58411.9190399863	70181.1861621916	51160.6423336491	48005.4685599804
P03951	P03951	FA11_HUMAN	F11	NA	57444.3029112659	39445.9097739592	24068.5938840866	17737.8171259932	15543.0138611548	211255.846466955	188721.533326969	234335.023824409	225061.558754548	250737.059408557
P08514	P08514	ITA2B_HUMAN	ITGA2B	NA	550180.385308489	746302.649497349	787935.560113553	707600.09698898	763872.681569617	517655.679093912	622600.330920614	613129.816384658	661647.053127326	593485.506108072
Q9UNN8	Q9UNN8	EPCR_HUMAN	PROCR	NA	376.369049940467	1092.96126463473	2322.74399319023	1269.44109465271	1257.00343785658	328.137480216503	2371.72019484743	1312.50568095729	1389.97562886238	401.63093778643
P04278	P04278	SHBG_HUMAN	SHBG	NA	13010.4793118879	9568.89641737342	9647.21608376339	13805.8911170445	9735.56702389434	5315.08149703309	7110.47880433604	9249.374913508	11383.1911706173	5348.06645115867
P48740	P48740	MASP1_HUMAN	MASP1	NA	NA	2306.11722848713	NA	1424.99398573339	1061.2917722773	848.789644282252	NA	NA	NA	NA
P35579	P35579	MYH9_HUMAN	MYH9	NA	491681.830876373	366095.150485802	369086.921038747	265062.559442185	223344.643667858	457913.842310946	390929.96836872	418668.053883094	539982.572341159	317205.676724419
P05546	P05546	HEP2_HUMAN	SERPIND1	NA	23418.3138236344	29809.8085144632	27012.6237525202	26432.0791313797	28347.715938396	21491.1106662147	25875.5758995518	25651.814035403	22836.1099505141	23860.6095925428
P00751	P00751	CFAB_HUMAN	CFB	NA	44072.4054192856	69636.4198420577	19855.4752059132	15977.1320312209	56175.3554530628	209456.303068262	200650.495646998	281601.115064844	228585.685691312	316051.391020671
P36980;Q03591	P36980;Q03591	FHR1_HUMAN;FHR2_HUMAN	CFHR1;CFHR2	NA	3643.13590521529	NA	2889.36724341109	NA	NA	4568.58462400064	4172.16968885198	7583.51762394011	1771.15092493445	4916.54684166491
P00738	P00738	HPT_HUMAN	HP	NA	206930.79932595	212860.250028886	206395.048591223	169611.661598489	169326.147356559	254489.788343396	260850.544113919	306117.563054673	287429.272092573	288357.434694704
P61626	P61626	LYSC_HUMAN	LYZ	NA	NA	NA	NA	NA	NA	16745.0065535843	NA	NA	NA	NA
P68133	P62736;P68032;P68133	ACTS_HUMAN	ACTA1	NA	36039.8779028125	7938.85155730128	12409.6750469804	6095.42752042085	6542.2957864958	17488.3092100464	8694.63114894107	5637.42404439434	22917.7196609452	7970.91888197437
P01024	P01024	CO3_HUMAN	C3	NA	62635.6673903808	13871.7602102742	22593.1417337157	18016.5786737204	10087.6074502215	40975.5869836859	29498.7274426542	21744.7827336825	56162.1563501999	18024.2853702269
P02655	P02655	APOC2_HUMAN	APOC2	NA	23911.817724254	5003.93928392708	8272.83843254223	3251.10909070849	2688.88216923803	6486.76476183251	8593.55806886598	3333.12155341685	20071.6110746875	4524.09245636761
P01877	P01877;P0DOX2	IGHA2_HUMAN	IGHA2	NA	26249.6485623129	35976.1590379894	54302.884933991	58640.2415854208	35800.3545037158	32866.110714066	25881.6468547769	32830.6143960096	44285.0008881003	41671.5676065192
P02533	P02533	K1C14_HUMAN	KRT14	NA	10158.6766671702	2494.67699104324	2075.69371101767	1907.07748804212	7817.90727525815	8498.24179552332	5375.9000478366	12434.5555420689	6644.72647685617	6802.88136412188
P13645	P13645	K1C10_HUMAN	KRT10	NA	2424.73016250163	2011.67270393357	547.907741146088	854.572600093961	999.076014395833	NA	NA	785.298863258481	NA	NA
P35542	P35542	SAA4_HUMAN	SAA4	NA	6151.00924468368	11292.3536648318	7894.9248666057	6020.63086946681	6515.97646711275	4008.67186667934	2698.15574460879	5732.86781788588	6374.63916379839	3777.46799149275
A0A0C4DH41;P01824;P01825;P06331;P0DP06;P0DP08	P01824;P01825;P06331;A0A0C4DH41;P0DP06;P0DP08	HV434_HUMAN;HV439_HUMAN;HV459_HUMAN;HV461_HUMAN;HVD34_HUMAN;HVD82_HUMAN	IGHV4-30-4;IGHV4-34;IGHV4-38-2;IGHV4-39;IGHV4-59;IGHV4-61	NA	10555.5520371653	3613.34853328511	9383.95211280629	5620.7039466615	5331.36585518524	12674.5029489167	5312.72221040994	13516.8481585532	4272.91444158554	5626.31196988195
P80748	P80748	LV321_HUMAN	IGLV3-21	NA	58207.6784962162	44132.6545593679	43469.9463528037	34904.7113785796	25295.3703693099	40854.5166350558	41227.6873310156	42303.5729563668	45950.1847739354	50812.9142314829
A0A0J9YX35	A0A0J9YX35	HV64D_HUMAN	IGHV3-64D	NA	1343.23473929122	2070.3000058943	363.290595764995	3352.98409983024	2071.56842725664	1275.9635200271	NA	4605.54273477003	3018.26548279971	4258.25057919905
P02671	P02671	FIBA_HUMAN	FGA	NA	166287.183350008	267966.561631829	186522.141756766	175902.639610622	234034.021597479	173576.829150442	277699.618240997	388094.368588965	312536.083375044	220818.311574921
P25311	P25311	ZA2G_HUMAN	AZGP1	NA	1678.13627062842	2526.47589491367	NA	NA	NA	318.882679894865	NA	408.30497673583	818.575701002598	1039.02825216517
P08185	P08185	CBG_HUMAN	SERPINA6	NA	2743.93358320221	2264.67790354088	2611.87787871614	2561.19151950121	3196.28064179391	8558.33383763626	2080.70211234406	2241.56953925923	81.4331646704675	403.304758420408
P00738;P00739	P00738;P00739	HPTR_HUMAN;HPT_HUMAN	HP;HPR	NA	NA	11691.7938784979	15148.9827883564	10945.4799965724	13088.5924054183	10493.1400799185	10951.5986796863	10492.7067840725	10799.1517032474	9660.29261561498
P29508	P29508	SPB3_HUMAN	SERPINB3	NA	272481.829758484	607039.841250889	595420.714410454	397118.993181404	472815.835379183	608488.408663291	705871.488230597	616583.609748825	768965.196837217	675222.95403228
P04003	P04003	C4BPA_HUMAN	C4BPA	NA	103690.905601539	99126.3198109314	129540.238684446	77057.1584385805	108391.551179145	102098.518044937	100773.348505132	87035.2687854983	93596.5319399521	85563.8342566699
P22352	P22352	GPX3_HUMAN	GPX3	NA	5808.80701659545	13766.0754322909	10411.4762403354	8850.34234574124	6334.55818419412	14047.4568689771	5735.85361017451	11465.2023216739	10666.5107300535	10411.6044179998
P01859;P01860	P01859;P01860	IGHG2_HUMAN;IGHG3_HUMAN	IGHG2;IGHG3	NA	961.662975914478	636.603153355628	1170.21701438993	NA	NA	992.545778756678	1162.70820278808	1447.94640787989	2131.88290407419	678.834701527119
P08603;Q03591	P08603;Q03591	CFAH_HUMAN;FHR1_HUMAN	CFH;CFHR1	NA	58644.2360981129	26521.8380763449	29388.9197916687	25744.6963471018	36189.7322375864	18823.6087872446	25460.8115981147	34842.3429607823	30503.9912933484	25595.0901707813
P01857;P01860	P01857;P01860;P0DOX5	IGHG1_HUMAN;IGHG3_HUMAN	IGHG1;IGHG3	NA	31885.7842899069	30254.9430087917	20315.125150907	28015.2391241074	26085.9469156422	37473.6228573889	28016.8158170819	29629.5272173755	29906.5512212142	33448.0072915748
Q01459	Q01459	DIAC_HUMAN	CTBS	NA	194396.408518188	246737.308274392	216750.2499278	214821.464167893	255017.175049867	176028.391260047	162445.282179315	185476.056061283	261350.213925786	218784.790991034
A0A075B6Q5;A0A0A0MS15;A0A0B4J1V0;A0A0B4J1X5;A0A0B4J1X8;A0A0B4J1Y9;A0A0C4DH36;A0A0J9YX35;P01762;P01766;P01767;P01772;P01780;P0DTE1	P01764;P01768;P01772;P01780;P01762;P01763;P01766;P01767;P01782;A0A075B6Q5;A0A0A0MS15;A0A0B4J1V0;A0A0B4J1V1;A0A0B4J1V6;A0A0B4J1X5;A0A0B4J1X8;A0A0B4J1Y9;A0A0C4DH32;A0A0C4DH36;A0A0C4DH42;A0A0J9YX35;P0DOX2;P0DP02;P0DP03;P0DP04;P0DTE1	HV307_HUMAN;HV311_HUMAN;HV313_HUMAN;HV315_HUMAN;HV333_HUMAN;HV338_HUMAN;HV343_HUMAN;HV349_HUMAN;HV353_HUMAN;HV364_HUMAN;HV372_HUMAN;HV374_HUMAN;HV383_HUMAN;HV64D_HUMAN	IGHV3-11;IGHV3-13;IGHV3-15;IGHV3-33;IGHV3-38;IGHV3-38-3;IGHV3-43;IGHV3-49;IGHV3-53;IGHV3-64;IGHV3-64D;IGHV3-7;IGHV3-72;IGHV3-74	NA	24315.1652598687	29345.1936204135	32678.2690660812	30052.2411550328	16971.3279564127	23823.6281564176	20411.3848689012	15287.5516126394	24284.8785387948	15527.6936955385
P0DOX2	P0DOX2	IGA2_HUMAN	NA	NA	253635.287411883	223069.065778203	346131.486171857	241973.039000105	191003.571962193	157081.784498416	135562.66630384	239161.98982659	266405.224337794	143991.261134185
A0A0B4J1X5	A0A0B4J1X5	HV374_HUMAN	IGHV3-74	NA	138740.417196151	167698.342116285	120286.660775788	143470.6767837	161340.072552111	116895.613856684	112113.328314167	136749.024456367	123192.99696479	127332.755206272
P01876	P01876	IGHA1_HUMAN	IGHA1	NA	40919.589744702	51432.3313902654	47494.1155429766	44668.9943674132	52102.63548778	35505.6814510375	34590.5925311714	42116.1226426378	39723.9215690047	36757.1237794593
O14791	O14791	APOL1_HUMAN	APOL1	NA	NA	630.146682425797	NA	245.156971863061	772.927113076299	3694.49861133337	597.859732947946	1014.12260142419	NA	NA
P01619	P01619	KV320_HUMAN	IGKV3-20	NA	301613.898925446	395108.226249505	373396.948264375	443419.369491439	433968.004878938	412938.990646765	338630.782071903	420735.964221556	365555.327237196	335386.908572476
P07359	P07359	GP1BA_HUMAN	GP1BA	NA	4398.33616572902	3155.47953820959	2692.48719792977	2988.7834568049	3206.16823513865	134.707747754574	2368.08186451435	1386.46993176311	2785.58661846727	2067.30928194195
P00915	P00915	CAH1_HUMAN	CA1	NA	66803.3385093905	140912.585403997	90725.6866354376	89571.2172871187	79427.5227810442	67040.2914593801	78905.0335307643	81033.8249520935	76670.6265303507	96419.3439970441
P01834	P01834;P0DOX7	IGKC_HUMAN	IGKC	NA	39883.5017912142	31091.5054456979	34508.6722517326	32074.5929280534	34599.2879049495	29772.9003628612	32356.5232891649	33500.8482371993	29265.0565638021	29474.6091798365
P00739	P00739	HPTR_HUMAN	HPR	NA	36396.157452289	29682.3139241464	33421.894862593	25483.8423419945	24184.1260201797	33286.0976101153	38102.5408907533	32193.3562611394	31908.2092791483	32143.2295097105
P02649	P02649	APOE_HUMAN	APOE	NA	17242.7122537851	17750.1402603395	4164.32655052543	19724.1711589098	13963.5683224209	6746.06343834996	8124.51381975725	8234.20953252092	7412.70289496988	6778.31252043292
Q03591;Q9BXR6	Q03591;Q9BXR6	FHR1_HUMAN;FHR5_HUMAN	CFHR1;CFHR5	NA	9015.8090232338	7221.48188207999	6617.90176930159	8711.74364075735	18349.8150682218	29480.0804047428	29150.8128233291	31270.3784477793	29572.7403179318	30093.5012002133
Q04695	Q04695	K1C17_HUMAN	KRT17	NA	18248.1806856751	9991.44251271978	10722.4483513042	6562.66888927191	8654.09707095861	8632.9998788248	6815.63120787039	9425.87153181001	13712.8480563536	12577.0019481532
A0A0B4J1X5;P01767;P01772	P01764;P01768;P01772;P01767;A0A0B4J1X5;A0A0C4DH42;P0DP02;P0DP03	HV333_HUMAN;HV353_HUMAN;HV374_HUMAN	IGHV3-33;IGHV3-53;IGHV3-74	NA	16304.9205353141	9311.91835441694	2560.69584438413	4173.78363048449	3062.46940457374	NA	1078.88071363091	2066.03155841887	2975.33271519601	2326.77662384525
P01344	P01344	IGF2_HUMAN	IGF2	NA	11637.1355648547	15713.1474765234	15511.8658596791	14676.4413902238	12700.5368779577	2438.72254879177	20549.0946061648	7998.31167727843	5085.83545295805	4167.17014808804
P04406	P04406	G3P_HUMAN	GAPDH	NA	81430.8221431725	65820.5643943891	54466.2036961466	45756.6812742755	58817.1965219922	41108.0912227459	52522.8810721964	62113.2967978321	56046.9403110504	58196.8642925471
P01880	P01880;P0DOX3	IGHD_HUMAN	IGHD	NA	8999.78052801028	6020.80519874379	1780.49568862244	2128.45484450087	2096.39467386961	1441.33930761784	NA	2601.8010148932	410.803393466175	1363.99499745503
P00747	P00747	PLMN_HUMAN	PLG	NA	7934.86473885268	205919.725591447	78608.5225159012	80270.710124772	8876.95668712541	16038.6813601635	17464.3656159535	40790.1886085719	152806.47732003	106231.533898186
P01701	P01701	LV151_HUMAN	IGLV1-51	NA	4186.90676149115	6177.0962961255	6411.69159557164	4646.43204141319	8361.03658453062	10576.3007388391	7324.33315542206	5780.58491950631	8137.57861016393	8462.83414464891
P01042	P01042	KNG1_HUMAN	KNG1	NA	75038.5536471389	69500.4974962376	105203.947103586	45569.822889442	45925.02306538	362699.129151646	282332.78904622	327333.812603336	343988.598451875	285478.335500862
A0A075B6K4	A0A075B6K4	LV310_HUMAN	IGLV3-10	NA	NA	NA	NA	NA	NA	31306.0405709192	19515.3646709248	26747.2431543693	27700.8495011926	18432.8405136235
P01871	P01871;P0DOX6	IGHM_HUMAN	IGHM	NA	60943.7462787479	54299.3268808164	80227.4967454202	27278.7109247372	42580.4298267059	62156.6278652914	49868.8848445259	55154.4896207146	63636.7854759216	56414.144367709
P02652	P02652	APOA2_HUMAN	APOA2	NA	107375.089733332	130720.094535079	135513.981590725	73543.9662636243	138275.965104867	90859.2035575211	83360.1942470104	82702.2806554608	114826.409095615	97116.4181632347
A0M8Q6	A0M8Q6	IGLC7_HUMAN	IGLC7	NA	179576.605686124	196659.785256349	201859.046761025	163505.264305055	190954.633842748	121001.173892621	169751.523162346	149591.482430242	157156.449069418	148047.138583563
P02538;P13647	P02538;P13647;P48668	K2C5_HUMAN;K2C6A_HUMAN	KRT5;KRT6A	NA	NA	NA	1486.51715128973	NA	NA	4017.42497485608	NA	NA	NA	NA
P07358	P07358	CO8B_HUMAN	C8B	NA	11250.6393421449	5837.93292279467	9830.35158596382	6597.85255556852	4574.3476006332	1074.53786045104	1604.70827541739	4702.9624106513	2353.83383562922	2321.6328069073
P32119	P32119;Q06830	PRDX2_HUMAN	PRDX2	NA	92367.9083047576	91620.125708881	94345.3287486121	80812.660345383	88720.6735283539	63575.3492227778	71419.4695951998	61918.2820950307	76899.3393105164	68537.0354092084
P08603	P08603	CFAH_HUMAN	CFH	NA	64229.4357154094	45390.8460397966	52964.398321493	43729.5123728916	25507.22897375	4465.95498897657	7928.65756317705	5852.70389325365	7721.42703036278	6032.50709095761
P11142	P11142	HSP7C_HUMAN	HSPA8	NA	9365.36026958317	43482.141304256	27582.4992618218	37883.6552591197	20607.2396449611	52240.9178416513	73568.4051072024	41679.8773458965	66102.484677203	23980.2604533494
P00742	P00742	FA10_HUMAN	F10	NA	46431.9600965224	288706.841736656	257959.717555109	309485.790594533	219323.65517918	369680.473154698	344295.751712147	260029.118793715	361326.412427284	267441.843985308
P02538	O95678;P02538;P48668	K2C6A_HUMAN	KRT6A	NA	45594.3932319172	72768.4140052535	43918.6194945857	60351.0216690771	44487.284761171	79000.9343393952	50177.8421583615	58711.3140762061	50998.2876483396	43646.8698819302
P01857	P01857;P0DOX5	IGHG1_HUMAN	IGHG1	NA	5868.98281901389	5619.90850581765	13152.0728638791	5675.42422040761	6305.06095732346	17692.2009404801	4456.27308541581	6288.89049390718	2872.25309918344	1735.68905457348
Q6EMK4	Q6EMK4	VASN_HUMAN	VASN	NA	272436.237949513	240556.238217764	204380.942182153	179861.149466306	298298.092175815	444222.757686209	552873.750324234	444933.232210264	392877.532791577	419757.864276282
P07195	P00338;P07195;P07864;Q6ZMR3	LDHB_HUMAN	LDHB	NA	18435.2123493016	26436.8168330371	24230.5766072683	12424.1100641541	15961.3834975369	18942.4072432771	23175.999379766	28916.48771438	38741.0586314216	29131.5939267635
P04040	P04040	CATA_HUMAN	CAT	NA	28361.0068329424	45868.4788205303	NA	18625.4857585177	32063.8112338826	188882.397603251	98800.5526432566	121190.196035061	231053.930512957	102000.519591156
P01721	P01721	LV657_HUMAN	IGLV6-57	NA	47395.3870110765	74315.7065813273	27717.9433537282	12230.7201744273	43523.7849947892	152299.229654688	170828.945809457	137605.427991539	132483.01706133	133340.836828161
Q92820	Q92820	GGH_HUMAN	GGH	NA	1083723.46541122	994743.326243412	905615.252424244	1766211.38659693	2313693.1974013	1278739.14856296	1554253.28486938	1581584.71256945	1623907.50567116	2114750.91209335
P0C0L5	P0C0L5	CO4B_HUMAN	C4B	NA	3608.71682714105	3180.0614325887	2881.5037006481	1207.79496884137	4297.30528103203	3146.30929653406	5363.68700207397	3855.13641974449	3143.49217117518	1922.82963368744
P26927	P26927	HGFL_HUMAN	MST1	NA	NA	NA	NA	NA	NA	315.146110876501	NA	NA	NA	NA
A0A0C4DH25	A0A0C4DH25	KVD20_HUMAN	IGKV3D-20	NA	71180.8580816947	45372.1973095365	47212.336470411	38241.6235009506	50335.609070237	68464.8592002623	30689.2289015144	32301.3254624747	34222.5690624088	44389.9606880985
P22891	P22891	PROZ_HUMAN	PROZ	NA	239350.67500177	283364.134812724	234600.405802548	259523.930996273	293955.297767643	179128.372260533	216997.865659319	243236.462996148	214071.4755219	207108.327065378
P43652	P43652	AFAM_HUMAN	AFM	NA	1298.9264220418	1412.76011482567	521.339696179807	1085.50004494801	1383.69638759375	1247.17791016296	2388.47770395055	1307.16759173334	3304.45987335593	1334.24162165627
P07225	P07225	PROS_HUMAN	PROS1	NA	480.871224171817	576.721615941465	NA	NA	NA	NA	NA	102.433359445262	NA	NA
P01718	P01718	LV327_HUMAN	IGLV3-27	NA	14520.1373245165	2454.51333311021	7112.72819688663	6247.30603190482	5685.71053369716	7195.99244229183	5591.7694358705	3025.14207845032	6013.3019471097	17826.2369312242
A0A0C4DH35	A0A0C4DH35	HV335_HUMAN	IGHV3-35	NA	4910.67540658295	3419.08041258097	3193.11564046308	2288.19581300616	3659.2715022184	2101.18022012383	NA	NA	1332.02777535111	756.6120963355
Q4KWH8	Q4KWH8	PLCH1_HUMAN	PLCH1	NA	13241.4874850973	12750.2755977914	12478.656521631	9515.18110805765	13828.4913400017	10587.5106891334	10740.9927235119	13888.7452403121	12657.7816339597	10738.2708418645
P04259;P04264	P04259;P04264	K2C1_HUMAN;K2C6B_HUMAN	KRT1;KRT6B	NA	6522.89919666186	6209.31066078976	2925.14429315642	3198.74198685169	2472.0961444068	1025.1502504167	NA	2236.40799297422	4825.68538036287	2765.42392222032
P08603;Q02985	P08603;Q02985	CFAH_HUMAN;FHR3_HUMAN	CFH;CFHR3	NA	4079.95506462797	6145.33584614202	1686.27685144126	NA	2559.33071475983	NA	NA	NA	NA	NA
P02745	P02745	C1QA_HUMAN	C1QA	NA	20677.8744212694	6125.85690446153	7112.89833201334	5822.70098495722	5561.79252143204	47660.6558880039	17168.9172657549	8571.19212670505	18194.7818348199	12600.2377886921
Q96KN2	Q96KN2	CNDP1_HUMAN	CNDP1	NA	6290.97290249825	NA	2668.93600815028	1135.02686747462	3845.78910616428	26039.6195287384	1752.68168652013	4821.01246994421	4764.10031736672	3057.6404228586
P06727	P06727	APOA4_HUMAN	APOA4	NA	71932.8741629906	63522.8176123738	58009.5881853119	43026.7580836914	50142.283473374	48723.5873488665	59530.5587475195	63837.0852854915	68634.3888134345	57726.5961701468
P08697	P08697	A2AP_HUMAN	SERPINF2	NA	753.328668096364	1712.66775500208	339.496445352435	728.671773573965	593.185313785732	1585.2871718064	1130.63391341001	1776.17968421906	349.030519801378	1341.18736599058
P09871	P09871	C1S_HUMAN	C1S	NA	19721.8014634199	12750.5256340303	20027.8555658109	15901.5561050497	11859.3218846373	9417.89163663656	11467.0395341471	12702.3148698412	6419.07571399748	10550.0654336549
P00748	P00748	FA12_HUMAN	F12	NA	3961.92266437203	3037.00770101473	2096.51285675064	1167.1986100772	NA	6850.92690041527	NA	1490.18139559135	NA	NA
P68871	P68871	HBB_HUMAN	HBB	NA	366.80017042616	218.04987956053	782.07464243716	1454.57054985598	104.945935341388	75.7984556339383	NA	831.788628859431	463.889454679489	NA
P02786	P02786	TFR1_HUMAN	TFRC	NA	21344.8296189964	17956.7085716739	13717.745468919	25576.5908865802	20772.5815536693	23320.982187552	26543.8788834035	30107.8389752977	24874.1881609693	15334.9061699949
P63267;Q562R1	A5A3E0;P60709;P62736;P63261;P63267;P68032;P68133;Q6S8J3;Q9BYX7;Q562R1	ACTBL_HUMAN;ACTH_HUMAN	ACTBL2;ACTG2	NA	97919.6789154321	100478.122538429	145481.862489864	48690.1146299578	175285.309069842	322017.706258018	348891.949419335	379944.583863895	277272.186466321	226146.15833756
A0A0C4DH24	A0A0C4DH24	KV621_HUMAN	IGKV6-21	NA	3364.43227169469	3513.99134670615	3327.90418047279	2235.3990230161	1811.27596486241	4036.26535841078	2566.05592685148	2261.56803748325	4900.53181602985	5124.39922991157
P01008	P01008	ANT3_HUMAN	SERPINC1	NA	21939.3685542375	15400.8461956397	24929.1260858998	11827.567738381	15579.749289491	18866.9297282092	20241.8001644388	10552.9731301323	19056.5310652509	20236.8743183166
P02730	P02730	B3AT_HUMAN	SLC4A1	NA	6898.36015904203	3482.4689220193	1790.89442578807	1069.69566585746	1712.41693956956	879.776421319872	1971.38881648481	1219.85137633756	2230.21406815767	1779.80880143553
A0A075B6S5	A0A075B6S5	KV127_HUMAN	IGKV1-27	NA	5908.75221267596	9969.27878598124	6665.51401257262	8300.76808533713	8559.85525312573	6739.76878521115	9158.02729465976	7563.03884169698	9334.70095194161	9010.25739208788
A0A0B4J2D9;P0DP09	A0A0B4J2D9;P0DP09	KV113_HUMAN;KVD13_HUMAN	IGKV1-13;IGKV1D-13	NA	17871.6188942194	21722.1603548452	23439.6431348696	23981.4137808874	30467.2889472	82473.1346611731	96096.5727269836	85379.4130969308	71956.3280526891	113832.783801239
A6NIZ1;P61224	P61224;P62834;A6NIZ1	RAP1B_HUMAN;RP1BL_HUMAN	RAP1B;RAP1BL	NA	525115.818830688	587438.660804883	615084.507328089	565874.96599913	583375.75902747	267921.378410812	409810.546435725	437489.257099122	492060.462692834	503467.275341593
A0A075B6K0;A0A075B6K4	A0A075B6K0;A0A075B6K4	LV310_HUMAN;LV316_HUMAN	IGLV3-10;IGLV3-16	NA	221578.597022798	266278.718358807	200056.521121383	226183.070003036	253754.673876643	127609.174676035	239430.798491262	203759.672155123	236193.447215557	254457.538342059
P69892	P69891;P69892	HBG2_HUMAN	HBG2	NA	7060.38901338354	4543.10867407426	NA	NA	23494.2813735634	3663.29614105478	42925.4672156513	11539.9718286633	3212.17373605877	58030.2787004538
P01817	P01817	HV205_HUMAN	IGHV2-5	NA	49567.432562694	64287.2873748109	63953.9289036229	32072.9695522942	31973.2477567755	17099.2130727798	15472.3163347609	22719.0868752249	15116.5872498527	21159.334902446
P0DOX3	P0DOX3	IGD_HUMAN	NA	NA	17244.2018961735	12355.2126750723	4998.04067826927	6111.59915412486	6613.81445284322	1736.96672939122	12950.1322967596	3688.42510893151	780.187771521509	3101.82974616706
P04004	P04004	VTNC_HUMAN	VTN	NA	35726.8346019	41168.3564898014	26060.2613610737	43296.7204207808	44691.3150277935	29194.5035634838	33057.4283280283	52942.1150492623	31225.4266037092	27388.5487003274
A0A0B4J1X8	A0A0B4J1X8	HV343_HUMAN	IGHV3-43	NA	NA	NA	NA	NA	NA	2149.07487111777	NA	NA	NA	NA
P04275	P04275	VWF_HUMAN	VWF	NA	58984.4985937588	70885.9167966537	54666.5204541579	66595.3287616693	71834.8287159488	50797.051144696	53410.7929707602	65619.6765329696	57356.6574403748	54756.0112082504
Q96B01	Q96B01	R51A1_HUMAN	RAD51AP1	NA	4094.51890559003	3051.35211071029	6270.64780947387	4753.6206606926	6437.66649614423	1613.12959829807	6155.94371482998	941.256075799793	3023.58139446676	1321.5591281341
P02750	P02750	A2GL_HUMAN	LRG1	NA	9653.9413549152	7380.37329819486	1375.16578521192	3538.02052125886	4113.05738529727	4645.78951283827	1420.1861743702	10708.6965950772	15580.4409251809	3281.76135572746
P04439	P01889;P01893;P04439;P13747;P17693	HLAA_HUMAN	HLA-A	NA	25967.9465729341	22337.2614166543	15137.6328172944	29238.8601678632	36976.4529796176	43949.2049595036	15970.3163486235	41503.3262044393	23672.8137586996	42107.4865677662
Q13103	Q13103	SPP24_HUMAN	SPP2	NA	7298.79979397953	6017.39635034204	2981.36123369351	2505.26562382221	3311.71851894334	1254.9743463625	NA	NA	2430.60355449826	2101.63766691312
P03951;P03952	P03951;P03952	FA11_HUMAN;KLKB1_HUMAN	F11;KLKB1	NA	13497.3007614397	9452.61499778479	13069.850849013	7174.03317140222	8818.43752310008	58944.1716770768	56133.0363861084	54456.3793815397	58045.9683950245	65162.7180669405
P01714	P01714	LV319_HUMAN	IGLV3-19	NA	NA	9832.15732628465	10230.5007558435	7557.96297705233	9224.39488192469	5061.13813076317	6749.14864606798	6479.02958089456	5690.84092997163	6009.20566047847
P05452	P05452	TETN_HUMAN	CLEC3B	NA	215206.377045456	108048.573102176	137858.730436627	147095.011534259	194356.055718578	103717.61311299	155373.308148835	162136.826616701	140227.362374514	210769.35076062
